instance_id,final_ranked_files
050eeedd6c285d8c42f2,"['crypto/arc4.c', 'crypto/lskcipher.c', 'crypto/cbc.c', 'crypto/skcipher.c', 'crypto/algif_skcipher.c', 'include/crypto/skcipher.h', 'include/crypto/lskcipher.h', 'arch/x86/lib/memcpy_64.S', 'net/socket.c', 'crypto/internal.h']"
8b2a08dfbd25fd933d75,"['kernel/bpf/verifier.c', 'kernel/bpf/btf.c', 'include/linux/bpf_verifier.h', 'include/linux/btf.h', 'tools/testing/selftests/bpf/test_verifier.c', 'tools/testing/selftests/bpf/progs/test_verifier_log.c', 'kernel/bpf/syscall.c', 'tools/lib/bpf/btf.c', 'tools/bpf/bpftool/xlated_dumper.c', 'tools/bpf/bpftool/btf_dumper.c']"
1a0a53300ce782f8b3ad,"['fs/io_uring.c', 'include/linux/io_uring.h', 'lib/irq_poll.c', 'kernel/task_work.c', 'kernel/exit.c', 'arch/x86/entry/common.c', 'mm/kasan/report.c', 'fs/file_table.c', 'kernel/sched/core.c', 'kernel/softirq.c']"
a168dbeaaa7778273c1b,"['drivers/video/fbdev/core/sysfillrect.c', 'drivers/gpu/drm/drm_fb_helper.c', 'drivers/video/fbdev/core/bitblit.c', 'drivers/video/fbdev/core/fbcon.c', 'include/linux/string.h', 'arch/x86/include/asm/string_64.h', 'drivers/tty/vt/vt.c', 'drivers/tty/vt/vt_ioctl.c', 'drivers/tty/tty_io.c', 'fs/ioctl.c']"
10e27961f4da37c443b2,"['kernel/dma/mapping.c', 'drivers/dma-buf/udmabuf.c', 'drivers/dma-buf/dma-buf.c', 'include/linux/dma-mapping.h', 'include/linux/dma-buf.h', 'arch/x86/mm/pci-dma.c', 'lib/scatterlist.c', 'mm/memory.c', 'mm/highmem.c', 'mm/page_alloc.c']"
1fa91bcd05206ff8cbb5,"['include/linux/skmsg.h', 'net/core/skmsg.c', 'net/kcm/kcmsock.c', 'include/linux/refcount.h', 'include/linux/instrumented.h', 'include/linux/atomic/atomic-instrumented.h', 'mm/kasan/report.c', 'mm/kasan/generic.c', 'mm/slab.c', 'mm/slab.h']"
a76f6a6e524cf2080aa3,"['fs/fscache/volume.c', 'fs/9p/cache.c', 'include/linux/fscache.h', 'lib/string.c', 'include/linux/fortify-string.h', 'mm/kasan/report.c', 'mm/kasan/common.c', 'fs/9p/v9fs.c', 'fs/9p/vfs_super.c', 'mm/slub.c']"
283ce5a46486d6acdbaf,"['fs/open.c', 'fs/file_table.c', 'include/linux/fs.h', 'include/linux/file.h', 'mm/kasan/report.c', 'mm/kasan/generic.c', 'mm/slub.c', 'kernel/task_work.c', 'security/security.c', 'fs/namei.c']"
0b7c8bfd17c00d016fb4,"['kernel/printk/printk.c', 'drivers/tty/pty.c', 'drivers/tty/tty_buffer.c', 'kernel/locking/lockdep.c', 'drivers/tty/serial/8250/8250_port.c', 'include/linux/console.h', 'include/linux/tty_flip.h', 'kernel/locking/spinlock.c', 'include/linux/spinlock_api_smp.h', 'lib/fault-inject.c']"
5b82f0e951f8c2bcdb8f,"['fs/btrfs/ordered-data.c', 'fs/btrfs/inode.c', 'fs/btrfs/file.c', 'fs/iomap/direct-io.c', 'fs/read_write.c', 'fs/btrfs/ordered-data.h', 'fs/btrfs/btrfs_inode.h', 'fs/btrfs/ctree.h', 'fs/btrfs/extent_io.c', 'fs/btrfs/disk-io.c']"
31d54c60c5b254d6f75b,"['drivers/net/wireless/ath/ath9k/wmi.c', 'drivers/net/wireless/ath/ath9k/htc_drv_txrx.c', 'drivers/net/wireless/ath/ath9k/ath9k.h', 'include/linux/lockdep.h', 'kernel/locking/lockdep.c', 'include/linux/spinlock.h', 'kernel/softirq.c']"
67654e51e54455f1c585,"['fs/hugetlbfs/inode.c', 'mm/hugetlb.c', 'include/linux/hugetlb.h', 'fs/inode.c', 'fs/dcache.c', 'mm/memory.c', 'mm/rmap.c', 'kernel/exit.c', 'mm/mempolicy.c', 'mm/filemap.c']"
178efee9e2d7f87f5103,"['net/netfilter/nf_tables_api.c', 'net/core/net_namespace.c', 'include/linux/netfilter/nf_tables.h', 'net/netfilter/core.c', 'net/netfilter/nf_tables_core.c', 'kernel/workqueue.c', 'net/netfilter/nf_tables_offload.c', 'include/net/netfilter/nf_tables.h', 'include/uapi/linux/netfilter/nf_tables.h', 'net/netfilter/nf_tables_trace.c']"
5d5821ad053bbbd4a11174989f2bf9d111873c52,"['net/ipv4/fou_core.c', 'net/core/skbuff.c', 'net/ipv6/sit.c', 'net/ipv4/ip_tunnel.c', 'include/net/ip_tunnels.h', 'include/linux/skbuff.h', 'net/ipv4/udp.c', 'net/ipv4/ip_output.c', 'include/net/fou.h', 'include/uapi/linux/fou.h']"
6ada951e7c0f7bc8a71e,"['mm/hugetlb.c', 'mm/memory.c', 'mm/mmap.c', 'include/linux/hugetlb.h', 'kernel/locking/rwsem.c', 'kernel/locking/lockdep.c', 'kernel/fork.c', 'kernel/exit.c', 'arch/x86/entry/common.c', 'mm/internal.h']"
60c52ca98513a8760a91,"['kernel/cred.c', 'security/keys/process_keys.c', 'security/keys/keyctl.c', 'include/linux/cred.h', 'kernel/user_namespace.c', 'security/security.c', 'security/keys/internal.h', 'security/keys/key.h', 'security/keys/keyring.c', 'security/commoncap.c']"
649e339fa6658ee623d3,"['net/netfilter/nft_ct.c', 'net/netfilter/nf_conntrack_core.c', 'include/net/netfilter/nf_conntrack.h', 'include/linux/netfilter/nf_conntrack_common.h', 'net/netfilter/nf_tables_api.c']"
2b9b4f0895be09a6dec3,"['mm/mprotect.c', 'include/linux/swapops.h', 'mm/userfaultfd.c', 'fs/userfaultfd.c', 'include/linux/userfaultfd_k.h', 'arch/x86/include/asm/pgtable.h', 'mm/memory.c', 'mm/huge_memory.c', 'mm/pagewalk.c', 'mm/rmap.c']"
9937dc42271cd87d4b98,"['fs/sysfs/group.c', 'block/blk-sysfs.c', 'drivers/block/nbd.c', 'fs/sysfs/sysfs.h', 'include/linux/sysfs.h', 'include/linux/genhd.h', 'block/genhd.c', 'net/netlink/genetlink.c', 'drivers/base/core.c', 'lib/kobject.c']"
11421fbbff99b989670e,"['net/xdp/xdp_umem.c', 'mm/util.c', 'include/linux/slab.h', 'net/xdp/xsk.c', 'include/net/xdp_sock.h', 'mm/slab_common.c', 'mm/vmalloc.c', 'include/linux/kvmalloc.h', 'kernel/bpf/syscall.c', 'security/bpf/hooks.c']"
958967f249155967d42a,"['kernel/bpf/btf.c', 'kernel/bpf/syscall.c', 'include/linux/btf.h', 'include/uapi/linux/btf.h', 'tools/lib/bpf/btf.c', 'tools/testing/selftests/bpf/prog_tests/btf.c', 'tools/testing/selftests/bpf/progs/btf.c', 'net/core/filter.c', 'lib/bpf/btf.c', 'arch/x86/kernel/bpf_jit_comp.c']"
35eebd505e97d315d01c,"['drivers/hid/hid-thrustmaster.c', 'drivers/hid/hid-core.c', 'drivers/hid/usbhid/hid-core.c', 'include/linux/hid.h', 'drivers/usb/core/config.c', 'drivers/usb/core/hub.c', 'drivers/usb/core/message.c', 'mm/kasan/report.c', 'mm/slub.c', 'mm/kasan/common.c']"
91e171a9aa357b24b62b3ab188bc04996448c99b,"['net/ipv6/addrconf.c', 'include/net/addrconf.h', 'include/linux/rcupdate.h', 'net/netlink/af_netlink.c', 'include/linux/rtnetlink.h', 'kernel/rcu/tree.c', 'kernel/rcu/update.c', 'include/linux/netdevice.h', 'net/core/rtnetlink.c', 'include/net/if_inet6.h']"
4d2d56175b934b9a7bf9,"['drivers/net/wireless/ath/ath9k/htc_drv_txrx.c', 'drivers/net/wireless/ath/ath9k/htc.h', 'kernel/locking/lockdep.c', 'include/linux/lockdep.h', 'kernel/locking/lockdep_internals.h']"
1665a0a4a1d6d4d3f61624353f8a9e5dbfff67bd,"['net/ipv4/inet_connection_sock.c', 'net/ipv4/inet_hashtables.c', 'net/core/sock.c', 'include/net/inet_connection_sock.h', 'include/net/inet_hashtables.h', 'include/net/sock.h', 'kernel/locking/lockdep.c', 'net/ipv4/af_inet.c', 'net/ipv4/tcp_ipv4.c', 'net/smc/af_smc.c']"
3493b1873fb3ea827986,"['net/netfilter/ipset/ip_set_hash_gen.h', 'net/netfilter/ipset/ip_set_core.c', 'mm/util.c', 'net/netfilter/nfnetlink.c', 'include/linux/slab.h', 'include/linux/gfp.h', 'mm/slab_common.c', 'mm/vmalloc.c', 'kernel/mm/util.c', 'include/linux/vmalloc.h']"
d2c5e6980bfc84513464,"['crypto/crypto_null.c', 'include/crypto/null.h', 'crypto/skcipher.c', 'include/crypto/skcipher.h', 'mm/kasan/report.c', 'mm/kasan/generic.c', 'mm/slub.c', 'include/linux/fortify-string.h', 'security/security.c', 'include/linux/crypto.h']"
02617ac69815ae324053c954118c2dc7ba0e59b2,"['net/tls/tls_sw.c', 'include/net/tls.h', 'net/tls/tls_main.c', 'include/linux/fortify-string.h', 'lib/string.c', 'mm/kasan/report.c', 'mm/kasan/generic.c', 'mm/kasan/shadow.c', 'mm/slub.c', 'include/linux/slab.h']"
5f26f85569bd179c18ce,"['include/linux/skmsg.h', 'net/core/skmsg.c', 'include/linux/refcount.h', 'lib/refcount.c', 'net/tls/tls_sw.c', 'include/net/sock.h', 'net/ipv4/tcp_input.c', 'net/core/sock.c']"
e68c89a9510c159d9684,"['kernel/profile.c', 'include/linux/profile.h', 'kernel/ksysfs.c', 'lib/ubsan.c', 'lib/ubsan.h', 'include/linux/kobject.h', 'fs/sysfs/file.c', 'fs/kernfs/file.c', 'lib/dump_stack.c', 'include/linux/kernel.h']"
7ca4b2719dc742b8d0a4,"['mm/memory.c', 'mm/rmap.c', 'mm/mmu_gather.c', 'include/linux/mm.h', 'kernel/exit.c', 'kernel/fork.c', 'arch/x86/mm/fault.c', 'mm/internal.h', 'mm/mmap.c', 'mm/huge_memory.c']"
6d31bf169a8265204b8d,"['drivers/media/rc/mceusb.c', 'drivers/media/rc/mceusb.h', 'lib/ubsan.c', 'lib/ubsan.h', 'include/linux/bitops.h']"
60df062e1c41940cae0f,"['drivers/base/component.c', 'drivers/usb/core/port.c', 'drivers/usb/core/hub.c', 'drivers/usb/core/driver.c', 'include/linux/component.h', 'drivers/base/dd.c', 'drivers/usb/core/devio.c', 'fs/ioctl.c', 'arch/x86/entry/common.c', 'include/linux/usb.h']"
a532b03fdfee2c137666,"['block/blk-map.c', 'lib/iov_iter.c', 'drivers/scsi/sg.c', 'include/linux/iov_iter.h', 'include/linux/blkdev.h', 'include/linux/uio.h', 'arch/x86/lib/usercopy.c', 'mm/usercopy.c', 'lib/usercopy.c', 'fs/ioctl.c']"
2ee18845e89ae76342c5,"['lib/maple_tree.c', 'mm/ksm.c', 'include/linux/maple_tree.h', 'kernel/locking/lockdep.c', 'include/linux/rcupdate.h', 'kernel/rcu/tree.c', 'mm/mmap.c', 'include/linux/mm.h', 'kernel/rcu/update.c', 'mm/internal.h']"
011e4ea1da6692cf881c,"['fs/pipe.c', 'kernel/locking/mutex.c', 'kernel/locking/lockdep.c', 'include/linux/pipe_fs_i.h', 'fs/splice.c', 'fs/read_write.c', 'include/linux/mutex.h', 'kernel/locking/lockdep_internals.h', 'fs/internal.h', 'fs/file_table.c']"
42d8c7c3d3e594b34346,"['drivers/media/v4l2-core/v4l2-ctrls.c', 'include/media/v4l2-ctrls.h', 'include/uapi/linux/v4l2-controls.h', 'lib/ubsan.c', 'lib/ubsan.h']"
c558267ad910fc494497,"['drivers/media/rc/imon.c', 'drivers/usb/core/file.c', 'include/linux/usb.h', 'include/linux/rwsem.h', 'include/linux/mutex.h', 'kernel/locking/mutex.c', 'kernel/locking/rwsem.c', 'kernel/locking/lockdep.c']"
6b74cf8fcd7378d8be7c,"['fs/inode.c', 'fs/fs-writeback.c', 'fs/fat/inode.c', 'fs/dcache.c', 'lib/list_debug.c', 'include/linux/list.h', 'include/linux/fs.h', 'mm/slub.c', 'mm/kasan/report.c', 'mm/kasan/generic.c']"
6087eafb76a94c4ac9eb,"['mm/damon/dbgfs.c', 'mm/damon/core.c', 'mm/kasan/report.c', 'mm/kasan/generic.c', 'mm/slab_common.c', 'fs/debugfs/file.c', 'include/linux/damon.h', 'mm/damon/dbgfs.h', 'mm/slub.c', 'mm/kasan/common.c']"
92beb3d46aab498710fa,"['drivers/net/bonding/bond_main.c', 'include/net/bonding.h', 'net/ethtool/common.c', 'net/core/sock.c', 'include/linux/rcupdate.h', 'include/linux/ethtool.h']"
793a590957d9c1b96620,"['net/netfilter/nf_conntrack_proto.c', 'net/netfilter/nf_conntrack_core.c', 'include/net/netfilter/nf_conntrack_extend.h', 'include/net/netfilter/nf_conntrack_ecache.h', 'include/net/netfilter/nf_conntrack_core.h', 'net/netfilter/nf_conntrack_extend.c', 'net/netfilter/nf_conntrack_ecache.c', 'include/net/netfilter/nf_conntrack.h', 'net/ipv4/netfilter/nf_conntrack_l3proto_ipv4.c', 'net/netfilter/nf_conntrack_netlink.c']"
2b50dd7e9d79da3a1949141a7f38c2af0d01ddf3,"['net/core/sock.c', 'net/ipv4/tcp.c', 'include/net/sock.h', 'net/socket.c', 'net/ipv4/af_inet.c', 'net/ipv6/af_inet6.c', 'kernel/exit.c', 'kernel/task_work.c', 'kernel/fs/file_table.c', 'net/core/sock_destructor.h']"
c203af981f0f7cc27debda75f35d852546cc6013,"['net/ipv6/ip6_gre.c', 'include/linux/skbuff.h', 'include/net/ip6_tunnel.h', 'net/core/skbuff.c', 'include/net/erspan.h', 'include/uapi/linux/erspan.h', 'net/ipv6/ip6_tunnel.c', 'net/core/dev.c', 'net/packet/af_packet.c', 'include/linux/netdevice.h']"
c94a3675a626f6333d74,"['drivers/infiniband/core/cma.c', 'drivers/infiniband/core/ucma.c', 'include/rdma/rdma_cm.h', 'lib/list_debug.c', 'include/linux/list.h', 'mm/kasan/report.c', 'mm/slub.c', 'kernel/exit.c', 'kernel/rcu/tree.c', 'fs/file_table.c']"
63dec323ac56c28e644f,"['lib/iov_iter.c', 'block/blk-map.c', 'drivers/scsi/sg.c', 'include/linux/iov_iter.h', 'include/linux/blk_types.h', 'fs/read_write.c', 'mm/highmem.c', 'include/linux/uio.h', 'include/linux/scatterlist.h', 'arch/x86/lib/usercopy_64.c']"
6879187cf57845801267,"['fs/io_uring.c', 'lib/list_debug.c', 'include/linux/list.h', 'fs/file.c', 'fs/splice.c', 'include/linux/list_debug.h', 'fs/internal.h', 'drivers/io_uring/file.c', 'drivers/io_uring/splice.c', 'security/fs/io_uring/filetable.c']"
ea8d2792959aee015d8eb96d362df0c7a0d5130e,"['net/core/flow_dissector.c', 'include/linux/skbuff.h', 'net/core/filter.c', 'include/net/flow_dissector.h', 'net/core/skbuff.c', 'tools/testing/selftests/bpf/progs/test_flow_dissector.c', 'include/linux/filter.h', 'include/linux/bpf.h', 'kernel/bpf/verifier.c', 'kernel/trace/bpf_trace.c']"
3faecbfd845a895c04cb,"['fs/erofs/data.c', 'fs/erofs/zdata.c', 'fs/erofs/namei.c', 'fs/erofs/internal.h', 'include/linux/erofs_fs.h', 'fs/erofs/super.c', 'fs/erofs/inode.c', 'mm/kasan/report.c', 'mm/filemap.c', 'fs/erofs/zdata.h']"
afd2d80e495f96049571,"['net/netfilter/nfnetlink.c', 'net/netlink/af_netlink.c', 'include/linux/netfilter/nfnetlink.h', 'include/net/netfilter/nfnetlink.h', 'net/netfilter/core.c', 'net/netfilter/utils.c', 'security/selinux/netlink.c', 'security/selinux/hooks.c', 'tools/testing/selftests/netfilter/nf-queue.c', 'tools/testing/selftests/netfilter/connect_close.c']"
ec3b3128c576e109171d,"['drivers/media/rc/mceusb.c', 'drivers/media/rc/mceusb.h', 'include/media/rc-core.h', 'kernel/lib/ubsan.c', 'kernel/lib/ubsan.h', 'include/linux/bitops.h', 'include/linux/types.h']"
97ea55669d5b2e909c5a6b7be2f9f8991499dbbd,"['net/ipv4/arp.c', 'include/net/arp.h', 'include/uapi/linux/if_arp.h', 'net/ipv4/af_inet.c', 'include/linux/netdevice.h', 'net/socket.c', 'include/linux/skbuff.h', 'drivers/net/core/ioctl.c', 'drivers/net/core/neighbour.c', 'security/selinux/netif.c']"
cd43695a64bcd21b8596,"['net/netfilter/nf_tables_api.c', 'mm/util.c', 'include/linux/mm.h', 'include/linux/kvmalloc.h', 'net/netfilter/nfnetlink.c', 'include/net/netfilter/nf_tables.h', 'mm/slab_common.c', 'mm/vmalloc.c', 'mm/slab.c', 'mm/page_alloc.c']"
c70d87ac1d001f29a058,"['kernel/watch_queue.c', 'security/keys/key.c', 'security/keys/internal.h', 'include/linux/watch_queue.h', 'mm/kasan/report.c', 'mm/kasan/generic.c', 'mm/kasan/shadow.c', 'security/keys/keyctl.c', 'kernel/fork.c', 'mm/page_alloc.c']"
e94c5aaf7890901ebf9b,"['arch/x86/include/asm/pgtable.h', 'fs/proc/task_mmu.c', 'mm/pagewalk.c', 'arch/x86/mm/pgtable.c', 'include/linux/pgtable.h', 'mm/memory.c', 'mm/userfaultfd.c', 'include/linux/mm.h', 'mm/huge_memory.c', 'mm/rmap.c']"
fadc0aaf497e6a493b9f,"['drivers/md/md.c', 'block/bdev.c', 'block/genhd.c', 'block/holder.c', 'kernel/locking/mutex.c', 'kernel/power/hibernate.c', 'kernel/power/swap.c', 'include/linux/genhd.h', 'include/linux/mutex.h', 'include/linux/blkdev.h']"
62120febbd1ee3c3c860,"['fs/ext4/xattr.c', 'fs/ext4/xattr.h', 'fs/ext4/ext4.h', 'fs/xattr.c', 'include/linux/fs.h', 'kernel/locking/rwsem.c', 'kernel/locking/lockdep.c', 'security/commoncap.c', 'security/security.c', 'fs/open.c']"
e3563f0c94e188366dbb,"['drivers/tty/n_gsm.c', 'drivers/tty/tty_io.c', 'include/linux/gsm.h', 'drivers/tty/tty_buffer.c', 'drivers/tty/tty_ldisc.c', 'include/linux/tty.h', 'include/linux/tty_ldisc.h', 'include/linux/tty_buffer.h', 'fs/ioctl.c', 'arch/x86/entry/common.c']"
4903218f7fba0a2d6226,"['net/netfilter/nfnetlink.c', 'include/linux/netfilter/nfnetlink.h', 'include/uapi/linux/netfilter/nfnetlink.h', 'net/netlink/af_netlink.c', 'lib/ubsan.c']"
92340f7b2b4789907fdb,"['drivers/hid/hid-microsoft.c', 'drivers/hid/hid-input.c', 'drivers/hid/hid-core.c', 'drivers/input/input.c', 'lib/kobject_uevent.c', 'drivers/base/core.c', 'drivers/usb/core/hub.c', 'include/linux/hid.h', 'include/linux/input.h', 'include/linux/kobject.h']"
3dea30b047f41084de66,"['drivers/usb/usbip/vhci_hcd.c', 'drivers/usb/usbip/vhci.h', 'drivers/usb/usbip/usbip_common.h', 'include/linux/usb/hcd.h', 'include/linux/usb.h', 'lib/ubsan.c', 'include/linux/ubsan.h', 'drivers/usb/core/hcd.c', 'drivers/usb/core/urb.c', 'drivers/usb/core/message.c']"
d451401ffd00a60677ee,"['net/wireless/reg.c', 'include/net/regulatory.h', 'net/wireless/core.c', 'net/wireless/reg.h', 'kernel/workqueue.c', 'kernel/panic.c', 'include/net/wireless/nl80211.h', 'net/wireless/nl80211.c', 'include/uapi/linux/nl80211.h', 'kernel/sched/workqueue.c']"
f31428628ef672716ea8,"['net/qrtr/qrtr.c', 'lib/idr.c', 'include/linux/idr.h', 'kernel/panic.c', 'lib/dump_stack.c', 'lib/bug.c', 'arch/x86/kernel/traps.c', 'net/socket.c', 'include/linux/bug.h', 'arch/x86/include/asm/idtentry.h']"
2af3bc9585be7f23f290,"['fs/bfs/file.c', 'fs/buffer.c', 'include/linux/buffer_head.h', 'mm/filemap.c', 'fs/bfs/bfs.h', 'fs/bfs/inode.c', 'fs/bfs/dir.c', 'mm/page-writeback.c', 'mm/mapping_dirty_helpers.c', 'kernel/trace/trace.c']"
7e9494b8b399902e994e,"['fs/xfs/libxfs/xfs_btree.c', 'fs/xfs/libxfs/xfs_refcount.c', 'fs/xfs/libxfs/xfs_refcount_btree.c', 'fs/xfs/xfs_reflink.c', 'fs/xfs/xfs_log_recover.c', 'fs/xfs/libxfs/xfs_btree.h', 'fs/xfs/libxfs/xfs_refcount.h', 'fs/xfs/xfs_mount.c', 'fs/xfs/xfs_super.c', 'mm/kasan/report.c']"
a3fcd59df1b372066f5a,"['mm/gup.c', 'include/linux/mm.h', 'mm/hugetlb.c', 'fs/io_uring.c', 'mm/internal.h', 'mm/memory.c', 'include/linux/hugetlb.h', 'include/linux/mm_types.h', 'include/linux/page-flags.h', 'mm/page_alloc.c']"
cbff7a52b6f99059e67f,"['fs/nilfs2/dat.c', 'fs/nilfs2/direct.c', 'fs/nilfs2/bmap.c', 'fs/nilfs2/segment.c', 'fs/nilfs2/super.c', 'fs/nilfs2/dir.c', 'include/linux/nilfs2_ondisk.h', 'include/uapi/linux/nilfs2_api.h', 'fs/nilfs2/inode.c', 'fs/nilfs2/file.c']"
12e098239d20385264d3,"['fs/read_write.c', 'fs/btrfs/send.c', 'fs/btrfs/ioctl.c', 'fs/btrfs/file.c', 'include/linux/fs.h', 'fs/btrfs/ctree.h', 'fs/btrfs/btrfs_inode.h', 'fs/btrfs/transaction.c', 'fs/btrfs/transaction.h', 'fs/btrfs/inode.c']"
68223fe9f6c95ad43bed,"['fs/ext4/mballoc.c', 'fs/ext4/super.c', 'fs/ext4/orphan.c', 'fs/ext4/inode.c', 'fs/ext4/extents.c', 'fs/quota/quota_tree.c', 'fs/quota/dquot.c', 'fs/quota/quota_v2.c', 'fs/super.c', 'fs/namespace.c']"
5925509f78293baa7331,"['drivers/usb/gadget/udc/dummy_hcd.c', 'include/linux/usb/gadget.h', 'drivers/usb/core/hcd.c', 'include/linux/usb/hcd.h', 'lib/ubsan.c', 'include/linux/ubsan.h']"
b308f5fd049fbbc6e74f,"['drivers/video/fbdev/core/bitblit.c', 'include/linux/fb.h', 'drivers/video/fbdev/core/fbcon.c', 'drivers/tty/vt/vt.c', 'mm/kasan/report.c', 'mm/slab.c', 'security/tomoyo/common.c', 'security/tomoyo/audit.c', 'security/tomoyo/environ.c', 'security/tomoyo/domain.c']"
348331f63b034f89b622,"['drivers/input/mouse/bcm5974.c', 'drivers/usb/core/urb.c', 'include/linux/usb.h', 'include/linux/input.h', 'drivers/input/input.c', 'drivers/input/mousedev.c', 'drivers/usb/core/hcd.c', 'include/linux/usb/input.h', 'drivers/usb/core/message.c', 'drivers/usb/core/driver.c']"
9b658439133becd38da1,"['drivers/block/nbd.c', 'block/genhd.c', 'include/linux/genhd.h', 'block/blk-core.c', 'block/blk-sysfs.c', 'include/linux/blkdev.h', 'block/partition-generic.c', 'block/bdev.c', 'block/blk.h', 'block/blk-mq.c']"
0d5b462a6f07447991b3,"['fs/nilfs2/segment.c', 'fs/nilfs2/btree.c', 'fs/nilfs2/bmap.c', 'mm/page-writeback.c', 'include/linux/backing-dev.h', 'fs/buffer.c', 'fs/nilfs2/page.c', 'mm/backing-dev.c', 'mm/filemap.c', 'mm/mapping_dirty_helpers.c']"
dcf33a7aae997956fe06,"['fs/gfs2/ops_fstype.c', 'fs/gfs2/super.c', 'fs/gfs2/incore.h', 'lib/ubsan.c', 'lib/ubsan.h', 'fs/gfs2/meta_io.c', 'fs/gfs2/gfs2.h']"
a7e701c8385bd8543074,"['net/xfrm/xfrm_compat.c', 'net/xfrm/xfrm_user.c', 'include/uapi/linux/xfrm.h', 'include/net/xfrm.h', 'net/xfrm/xfrm_state.c', 'security/selinux/xfrm.c', 'net/xfrm/xfrm_policy.c', 'net/xfrm/xfrm_input.c', 'net/xfrm/xfrm_output.c', 'net/xfrm/xfrm_algo.c']"
e2787430e752a92b8750,"['fs/hfsplus/inode.c', 'fs/hfsplus/super.c', 'fs/hfsplus/catalog.c', 'include/linux/hfsplus_fs.h', 'fs/hfsplus/hfsplus_fs.h', 'fs/super.c', 'fs/fs_context.c', 'fs/namespace.c', 'init/do_mounts.c', 'block/bdev.c']"
1f4ba1e5520762c523c6,"['fs/io_uring.c', 'kernel/locking/lockdep.c', 'kernel/locking/spinlock.c', 'include/linux/spinlock.h', 'include/linux/percpu-refcount.h', 'kernel/softirq.c', 'kernel/workqueue.c', 'kernel/rcu/tree.c', 'include/linux/spinlock_api_smp.h', 'include/linux/lockdep.h']"
8357fbef0d7bb602de45,"['drivers/hid/uhid.c', 'kernel/sched/wait.c', 'kernel/locking/lockdep.c', 'include/linux/spinlock.h', 'include/linux/lockdep.h', 'include/linux/wait.h', 'include/uapi/linux/uhid.h', 'kernel/locking/lockdep_internals.h', 'include/linux/sched/wait.h', 'kernel/include/linux/lockdep.h']"
28a246747e0a465127f3,"['drivers/net/ieee802154/atusb.c', 'drivers/usb/core/urb.c', 'include/linux/slab.h', 'drivers/usb/core/driver.c', 'drivers/base/dd.c', 'mm/slab_common.c', 'mm/kmemleak.c', 'include/linux/usb.h', 'kernel/drivers/base/bus.c', 'mm/slub.c']"
f3e749d4c662818ae439,"['kernel/bpf/verifier.c', 'mm/util.c', 'include/linux/mm.h', 'kernel/bpf/syscall.c', 'kernel/bpf/btf.c', 'mm/vmalloc.c', 'include/linux/kvmalloc.h', 'arch/x86/entry/common.c', 'mm/slab_common.c', 'mm/page_alloc.c']"
deb631beeb93bdb2df4c,"['fs/ntfs3/file.c', 'fs/ntfs3/attrib.c', 'fs/ntfs3/ntfs_fs.h', 'fs/ntfs3/run.c', 'fs/ntfs3/ntfs.h', 'mm/filemap.c', 'mm/memory.c', 'fs/open.c', 'arch/x86/entry/common.c', 'virt/fs/open.c']"
28207acc70bbf3d85b74,"['fs/ntfs3/record.c', 'fs/ntfs3/frecord.c', 'fs/ntfs3/inode.c', 'fs/ntfs3/ntfs_fs.h', 'fs/ntfs3/attrib.c', 'fs/ntfs3/attrlist.c', 'mm/kasan/report.c', 'lib/dump_stack.c', 'arch/x86/entry/common.c', 'fs/ntfs3/super.c']"
298c5d8fb4a128bc27b0,"['fs/ext4/xattr.c', 'fs/ext4/inode.c', 'include/linux/fs.h', 'fs/ext4/ext4.h', 'fs/ext4/xattr.h', 'kernel/locking/lockdep.c', 'kernel/locking/rwsem.c', 'fs/xattr.c', 'fs/attr.c', 'fs/namei.c']"
e5fd3e65515b48c02a30,"['drivers/video/fbdev/core/sysfillrect.c', 'drivers/video/fbdev/core/bitblit.c', 'drivers/video/fbdev/core/fbcon.c', 'drivers/gpu/drm/drm_fb_helper.c', 'include/linux/fb.h', 'mm/kasan/report.c', 'mm/kasan/generic.c', 'mm/vmalloc.c']"
46a4ad33f345d1dd346e,"['net/netfilter/nf_conntrack_proto_dccp.c', 'net/netfilter/nfnetlink_cttimeout.c', 'include/uapi/linux/netfilter/nfnetlink_cttimeout.h', 'include/linux/netfilter/nf_conntrack_dccp.h', 'net/netfilter/nf_conntrack_timeout.c', 'net/netfilter/nf_conntrack_core.c', 'net/netlink/af_netlink.c', 'include/net/netfilter/nf_conntrack_timeout.h', 'lib/nlattr.c', 'security/selinux/netlink.c']"
4d99a966fd74bdeeec36,"['fs/ext4/xattr.c', 'fs/ext4/inode.c', 'fs/ext4/orphan.c', 'fs/ext4/super.c', 'mm/page_alloc.c', 'mm/slab_common.c', 'include/linux/gfp.h', 'include/linux/slab.h', 'fs/ext4/ext4.h', 'fs/ext4/inline.c']"
e2eae5639e7203360018,"['kernel/rcu/tree.c', 'kernel/rcu/tree_stall.h', 'drivers/block/aoe/aoenet.c', 'drivers/block/aoe/aoecmd.c', 'net/sched/sch_fq_codel.c', 'net/core/dev.c', 'kernel/time/tick-sched.c', 'kernel/softirq.c', 'include/linux/list.h', 'kernel/sched/core.c']"
05139c4039d0679e19ff,"['fs/unicode/utf8-core.c', 'fs/f2fs/dir.c', 'fs/f2fs/namei.c', 'include/linux/unicode.h', 'fs/unicode/utf8n.h', 'fs/unicode/utf8-norm.c', 'fs/f2fs/f2fs.h', 'fs/f2fs/super.c', 'fs/unicode/utf8-selftest.c', 'fs/unicode/mkutf8data.c']"
a84b8783366ecb1c65d0,"['arch/x86/mm/fault.c', 'mm/memory.c', 'mm/page_alloc.c', 'mm/kasan/report.c', 'mm/vmalloc.c', 'kernel/dma/mapping.c', 'fs/mpage.c', 'arch/x86/include/asm/pgtable.h', 'arch/x86/kernel/traps.c', 'lib/bug.c']"
0c601d7fbb8122d39093,"['drivers/hid/uhid.c', 'kernel/locking/lockdep.c', 'kernel/sched/wait.c', 'include/linux/lockdep.h', 'include/linux/wait.h']"
b33c1cb0a30ebdc8a5f9,"['net/sched/sch_generic.c', 'net/sched/sch_api.c', 'include/linux/refcount.h', 'lib/refcount.c', 'include/net/sch_generic.h', 'net/core/dev.c', 'lib/dump_stack.c', 'kernel/panic.c', 'lib/bug.c', 'arch/x86/kernel/traps.c']"
a8e049cd3abd342936b6,"['fs/iomap/iter.c', 'fs/erofs/data.c', 'fs/iomap/fiemap.c', 'fs/ioctl.c', 'include/linux/iomap.h', 'fs/erofs/internal.h', 'fs/erofs/zmap.c', 'fs/erofs/super.c', 'fs/erofs/inode.c', 'mm/filemap.c']"
9c37714c07194d816417,"['fs/btrfs/transaction.c', 'fs/btrfs/super.c', 'fs/btrfs/free-space-tree.c', 'fs/btrfs/disk-io.c', 'fs/btrfs/space-info.c', 'fs/btrfs/block-group.c', 'fs/btrfs/ctree.h', 'fs/btrfs/extent-tree.c', 'fs/btrfs/volumes.c', 'fs/btrfs/free-space-cache.c']"
5ea725c25d06fb9114c4,"['net/core/dev.c', 'include/linux/skbuff.h', 'net/core/filter.c', 'net/bpf/test_run.c', 'kernel/bpf/syscall.c', 'include/linux/netdevice.h', 'include/linux/filter.h', 'include/linux/bpf.h', 'kernel/bpf/core.c', 'net/core/skbuff.c']"
27b0b464864741b18b99,"['kernel/workqueue.c', 'drivers/usb/core/hub.c', 'include/linux/workqueue.h', 'drivers/usb/core/message.c', 'drivers/usb/core/driver.c', 'include/linux/usb.h', 'include/linux/usb/hcd.h', 'drivers/usb/core/usb.c', 'drivers/usb/host/xhci.c', 'drivers/usb/core/workqueue.c']"
3db80bbf66b88d68af9d,"['fs/reiserfs/xattr.c', 'fs/reiserfs/super.c', 'fs/namei.c', 'fs/reiserfs/namei.c', 'fs/reiserfs/reiserfs.h', 'fs/reiserfs/xattr.h', 'fs/super.c', 'fs/namespace.c', 'fs/fs_context.c', 'include/linux/namei.h']"
a8f26a403c169b7593fe,"['fs/dcache.c', 'fs/ntfs3/super.c', 'fs/ntfs3/inode.c', 'include/linux/dcache.h', 'fs/namei.c', 'fs/ntfs3/ntfs.h', 'fs/ntfs3/ntfs_fs.h', 'fs/ntfs3/namei.c', 'include/linux/fs.h', 'arch/x86/mm/fault.c']"
f816042a7ae2225f25ba,"['fs/quota/dquot.c', 'fs/ext4/ialloc.c', 'mm/kasan/generic.c', 'fs/quota/quota_tree.c', 'include/linux/quota.h', 'include/linux/dquot.h', 'fs/ext4/namei.c', 'fs/quota/quota.c', 'include/linux/kasan.h', 'fs/quota/quota_v2.c']"
55cc72f8cc3a549119df,"['mm/memory.c', 'mm/page_alloc.c', 'mm/filemap.c', 'mm/debug_vm_pgtable.c', 'fs/xfs/xfs_file.c', 'mm/readahead.c', 'mm/mempolicy.c', 'include/linux/page_owner.h', 'mm/page_owner.c', 'mm/mmap.c']"
02c44c7f92e70a73730a,"['fs/bfs/super.c', 'fs/bfs/bfs.h', 'include/linux/bfs_fs.h', 'drivers/block/loop.c', 'include/linux/loop.h', 'fs/bfs/inode.c', 'block/genhd.c', 'init/do_mounts.c', 'fs/bfs/file.c', 'fs/bfs/dir.c']"
560e6a32d484d7293e37,"['fs/btrfs/extent-tree.c', 'fs/btrfs/transaction.c', 'fs/btrfs/delayed-ref.c', 'fs/btrfs/disk-io.c', 'fs/btrfs/ctree.c', 'fs/btrfs/extent_io.c', 'fs/btrfs/space-info.c', 'fs/btrfs/block-group.c', 'fs/btrfs/free-space-cache.c', 'fs/btrfs/volumes.c']"
244acf6996ae0b9122ac763d3099922258c9bd43,"['net/core/stream.c', 'net/ipv4/inet_connection_sock.c', 'net/ipv4/tcp.c', 'net/ipv4/af_inet.c', 'net/socket.c', 'include/net/inet_connection_sock.h', 'include/net/tcp.h', 'kernel/exit.c', 'kernel/task_work.c', 'fs/file_table.c']"
d43608d061e8847ec9f3,"['lib/iov_iter.c', 'block/blk-map.c', 'drivers/scsi/sg.c', 'fs/read_write.c', 'include/linux/uio.h', 'include/linux/iov_iter.h', 'mm/filemap.c', 'mm/page_alloc.c', 'arch/x86/lib/usercopy_64.c', 'kernel/dma/mapping.c']"
91edf9178386a07d06a7,"['kernel/sys.c', 'mm/madvise.c', 'mm/slab_common.c', 'include/linux/slab.h', 'include/uapi/linux/prctl.h', 'arch/x86/entry/common.c', 'mm/internal.h', 'mm/rmap.c', 'mm/memory.c', 'mm/util.c']"
5e70d01ee8985ae62a3b,"['net/ipv6/addrconf.c', 'net/core/dev.c', 'drivers/net/loopback.c', 'include/linux/netdevice.h', 'net/core/net_namespace.c', 'kernel/notifier.c', 'kernel/nsproxy.c', 'kernel/fork.c']"
54b10a5da9e59f1ed979,"['drivers/block/loop.c', 'fs/bfs/super.c', 'fs/bfs/bfs.h', 'include/uapi/linux/bfs_fs.h', 'drivers/block/loop.h', 'include/linux/loop.h', 'fs/bfs/inode.c', 'init/do_mounts.c', 'block/genhd.c', 'kernel/fs/super.c']"
f1faa20eec55e0c8644c,"['fs/jfs/jfs_txnmgr.c', 'fs/jfs/jfs_txnmgr.h', 'fs/jfs/jfs_incore.h', 'fs/jfs/xattr.c', 'include/linux/instrumented.h', 'include/asm-generic/bitops/instrumented-non-atomic.h', 'mm/kasan/report.c', 'mm/kasan/generic.c', 'fs/jfs/jfs_debug.h', 'fs/jfs/jfs_types.h']"
fbe81b56f7df4c0fb21b,"['net/core/stream.c', 'net/ipv4/inet_connection_sock.c', 'net/ipv4/tcp.c', 'net/ipv4/af_inet.c', 'net/socket.c', 'include/net/sock.h', 'include/net/inet_connection_sock.h', 'kernel/panic.c', 'kernel/exit.c', 'arch/x86/kernel/traps.c']"
0871b14ca2e2fb64f6e3,"['drivers/gpu/drm/vkms/vkms_crtc.c', 'drivers/gpu/drm/drm_vblank.c', 'include/drm/drm_vblank.h', 'drivers/gpu/drm/vkms/vkms_drv.c', 'include/drm/drm_irq.h', 'drivers/gpu/drm/vkms/vkms_output.c', 'drivers/gpu/drm/vkms/vkms_drv.h', 'include/drm/drm_crtc.h']"
7b99aafdcc2eedea6178,"['net/core/stream.c', 'net/ipv4/inet_connection_sock.c', 'net/ipv4/tcp.c', 'net/socket.c', 'include/net/sock.h', 'include/net/inet_connection_sock.h', 'net/ipv4/af_inet.c', 'kernel/task_work.c', 'kernel/signal.c', 'kernel/entry/common.c']"
61e04e51b7ac86930589,"['drivers/block/nbd.c', 'block/genhd.c', 'kernel/locking/lockdep.c', 'kernel/locking/mutex.c', 'include/linux/genhd.h', 'include/linux/mutex.h', 'lib/refcount.c']"
0a89a7b56db04c21a656,"['fs/jfs/jfs_imap.c', 'fs/jfs/inode.c', 'fs/jfs/jfs_mount.c', 'fs/jfs/jfs_xtree.c', 'fs/jfs/jfs_imap.h', 'fs/jfs/jfs_incore.h', 'fs/inode.c', 'fs/super.c', 'fs/namespace.c', 'arch/x86/mm/fault.c']"
2d4f8693f438d2bd4bdb,"['mm/memory.c', 'drivers/gpu/drm/drm_gem_shmem_helper.c', 'include/linux/mm.h', 'include/drm/drm_gem_shmem_helper.h', 'arch/x86/mm/fault.c', 'arch/x86/lib/copy_user_64.S', 'fs/autofs/dev-ioctl.c', 'lib/usercopy.c', 'arch/x86/include/asm/uaccess_64.h', 'include/linux/uaccess.h']"
d1e3b1d92d25abf97943,"['fs/fs_context.c', 'fs/internal.h', 'lib/string.c', 'fs/fsopen.c', 'include/linux/fs_context.h', 'include/linux/string.h', 'include/linux/fs.h', 'security/security.c', 'mm/kasan/report.c', 'mm/kasan/generic.c']"
8b2a08dfbd25fd933d75,"['kernel/bpf/verifier.c', 'kernel/bpf/btf.c', 'include/linux/bpf_verifier.h', 'kernel/bpf/syscall.c', 'tools/testing/selftests/bpf/test_verifier.c', 'tools/testing/selftests/bpf/progs/test_verifier_log.c', 'include/linux/btf.h', 'kernel/bpf/log.c', 'tools/lib/bpf/btf.c', 'tools/bpf/bpftool/btf_dumper.c']"
77e4f005cb899d4268d1,"['fs/nilfs2/segment.c', 'include/linux/pagemap.h', 'include/linux/page-flags.h', 'fs/nilfs2/page.c', 'mm/filemap.c', 'fs/nilfs2/segbuf.c', 'fs/nilfs2/btree.c', 'fs/nilfs2/alloc.c', 'fs/nilfs2/dat.c', 'fs/nilfs2/super.c']"
1917d778024161609247,"['net/qrtr/qrtr.c', 'net/qrtr/tun.c', 'include/linux/skbuff.h', 'include/net/qrtr.h', 'mm/kasan/report.c', 'mm/kasan/generic.c', 'mm/kasan/common.c', 'include/linux/string.h', 'kernel/core/skbuff.c', 'mm/slab.c']"
92968395eedbdbd3617d,"['net/netfilter/nfnetlink_cttimeout.c', 'include/linux/list.h', 'lib/list_debug.c', 'net/core/net_namespace.c', 'include/net/netfilter/nf_conntrack_timeout.h', 'kernel/workqueue.c', 'include/linux/netfilter/nfnetlink_cttimeout.h', 'mm/kasan/report.c', 'mm/slab.h', 'mm/kasan/common.c']"
fa4648a5446460b7b963,"['fs/ntfs3/bitmap.c', 'fs/ntfs3/super.c', 'include/linux/gfp.h', 'mm/page_alloc.c', 'mm/slab_common.c', 'include/linux/slab.h', 'fs/ntfs3/ntfs.h', 'fs/ntfs3/ntfs_fs.h', 'tools/include/uapi/linux/mount.h', 'kernel/fs/super.c']"
1631f09646bc214d2e76,"['fs/ntfs3/super.c', 'fs/ntfs3/ntfs.h', 'fs/ntfs3/ntfs_fs.h', 'lib/ubsan.c', 'lib/ubsan.h', 'fs/ntfs3/fsntfs.c', 'include/fs/ntfs3/ntfs.h', 'include/fs/ntfs3/ntfs_fs.h', 'lib/dump_stack.c', 'kernel/fs/ntfs3/super.c']"
33f3faaa0c08744f7d40,"['fs/ntfs3/super.c', 'mm/page_alloc.c', 'mm/slab_common.c', 'include/linux/gfp.h', 'include/linux/slab.h', 'fs/ntfs3/ntfs.h', 'fs/ntfs3/fsntfs.c', 'fs/super.c', 'block/bdev.c', 'fs/namespace.c']"
703d9e154b3b58277261,"['net/l2tp/l2tp_core.c', 'net/ipv4/udp_tunnel_core.c', 'include/linux/percpu-rwsem.h', 'kernel/jump_label.c', 'kernel/cpu.c', 'net/netlink/genetlink.c', 'include/net/udp_tunnel.h', 'kernel/sched/core.c', 'kernel/locking/percpu-rwsem.c', 'lib/dump_stack.c']"
703d9e154b3b58277261,"['kernel/jump_label.c', 'kernel/locking/percpu-rwsem.c', 'include/linux/percpu-rwsem.h', 'net/l2tp/l2tp_core.c', 'net/ipv4/udp_tunnel_core.c', 'include/net/udp_tunnel.h', 'net/netlink/genetlink.c', 'kernel/sched/core.c', 'kernel/cpu.c', 'lib/dump_stack.c']"
1bb51491ca5df96a5f724899d1dbb87afda61419,"['net/bluetooth/hci_conn.c', 'net/bluetooth/hci_sync.c', 'net/bluetooth/hci_core.c', 'include/net/bluetooth/hci_core.h', 'drivers/bluetooth/hci_vhci.c', 'mm/kasan/report.c', 'mm/slub.c', 'mm/kasan/common.c', 'mm/kasan/generic.c', 'mm/kasan/kasan.h']"
01383b29d139cf9c9f9d9bd6e9947474ffe657a6,"['mm/gup.c', 'mm/internal.h', 'mm/memory.c', 'include/linux/mm.h', 'include/linux/mm_types.h', 'fs/splice.c', 'lib/iov_iter.c', 'mm/gup_test.c', 'mm/hugetlb.c', 'mm/mmap.c']"
08d09127d5fca845e6d94dea344c5b758bc45615,"['net/rxrpc/sendmsg.c', 'net/rxrpc/af_rxrpc.c', 'net/rxrpc/call_object.c', 'kernel/locking/mutex.c', 'kernel/locking/lockdep.c', 'include/trace/events/lock.h', 'include/net/af_rxrpc.h', 'net/rxrpc/ar-internal.h', 'include/linux/mutex.h', 'kernel/locking/mutex-debug.c']"
0b6b2d6d6cefa8b462930e55be699efba635788f,"['net/netfilter/core.c', 'net/netfilter/nf_tables_api.c', 'net/netfilter/nft_chain_filter.c', 'include/net/netfilter/nf_tables.h', 'net/core/dev.c', 'net/core/net_namespace.c', 'kernel/notifier.c', 'drivers/net/wireless/mac80211_hwsim.c', 'net/mac80211/iface.c', 'net/mac80211/main.c']"
12be9aa373be9d8727cdd172f190de39528a413a,"['security/selinux/hooks.c', 'security/security.c', 'net/socket.c', 'net/mptcp/protocol.c', 'net/ipv4/af_inet.c', 'include/linux/security.h', 'include/net/sock.h', 'security/selinux/include/objsec.h', 'mm/kasan/report.c', 'mm/kasan/generic.c']"
19a04b43c75ed1092021010419b5e560a8172c4f,"['drivers/hid/hidraw.c', 'drivers/hid/hid-core.c', 'drivers/hid/usbhid/hid-core.c', 'include/linux/hidraw.h', 'include/linux/hid.h', 'mm/util.c', 'include/linux/fortify-string.h']"
1a201ce4f0f4ab2f165b93d0ce5c15ebe1a5b321,"['mm/madvise.c', 'mm/slab_common.c', 'kernel/sys.c', 'include/linux/slab.h', 'include/linux/prctl.h', 'include/uapi/linux/prctl.h', 'mm/internal.h', 'mm/rmap.c', 'kernel/sys_ni.c', 'mm/memory.c']"
1bc76a5779300075e3466a0e2abcd753df212779,"['drivers/bluetooth/hci_h5.c', 'drivers/base/power/runtime.c', 'drivers/bluetooth/hci_ldisc.c', 'include/linux/pm_runtime.h', 'include/linux/instrumented.h', 'include/linux/atomic/atomic-instrumented.h', 'drivers/tty/tty_buffer.c', 'drivers/tty/tty_port.c', 'mm/kasan/report.c', 'mm/kasan/generic.c']"
1bef50bdd9622a1969608d1090b2b4a588d0c6ac,"['fs/open.c', 'fs/file.c', 'include/linux/instrumented.h', 'include/asm-generic/atomic-instrumented.h', 'include/asm-generic/atomic-long.h', 'mm/kasan/report.c', 'mm/kasan/generic.c', 'kernel/exit.c', 'include/linux/file.h', 'lib/dump_stack.c']"
2482c46517c04822f40780fde741031bf9493450,"['drivers/net/ieee802154/atusb.c', 'drivers/usb/core/urb.c', 'include/linux/slab.h', 'include/linux/usb.h', 'mm/slab_common.c', 'mm/slub.c', 'mm/kmemleak.c']"
2a42bcdee55085e729aa4e472bf86adf2036ad40,"['fs/dcache.c', 'fs/hugetlbfs/inode.c', 'fs/super.c', 'fs/namespace.c', 'mm/hugetlb.c', 'include/linux/dcache.h', 'include/linux/fs.h', 'kernel/panic.c', 'lib/dump_stack.c', 'arch/x86/kernel/traps.c']"
2dbce17f865f34c37da63de733f31001f293d78f,"['fs/dcache.c', 'fs/sysfs/mount.c', 'fs/kernfs/mount.c', 'fs/super.c', 'fs/namespace.c', 'include/linux/dcache.h', 'kernel/panic.c', 'lib/dump_stack.c', 'fs/dcache.h', 'fs/sysfs/sysfs.h']"
32577e96d88447ded2d3b76d71254fb855245837,"['drivers/video/fbdev/core/bitblit.c', 'include/linux/fb.h', 'drivers/video/fbdev/core/fbcon.c', 'drivers/tty/vt/vt.c', 'security/tomoyo/common.c', 'security/tomoyo/environ.c', 'security/tomoyo/domain.c', 'mm/kasan/report.c', 'mm/slab.c', 'lib/dump_stack.c']"
32c85d199d85c11202246570956a2cbe272f235a,"['net/wireless/reg.c', 'net/wireless/reg.h', 'include/net/regulatory.h', 'net/wireless/core.c', 'lib/dump_stack.c', 'kernel/panic.c', 'arch/x86/kernel/traps.c', 'lib/bug.c', 'kernel/workqueue.c', 'net/wireless/wext-compat.c']"
33e08264ba252fcf3ed89b69fd088ac976363535,"['fs/udf/inode.c', 'fs/udf/file.c', 'include/linux/udf_fs_i.h', 'fs/udf/udf_i.h', 'fs/udf/udf_sb.h', 'fs/udf/udfdecl.h']"
35ca150acc791b7283bb643a0edbbc185aa4a69e,"['net/smc/smc_ib.c', 'net/smc/smc_core.h', 'net/smc/smc_core.c', 'net/smc/smc.h', 'net/smc/smc_netlink.c', 'net/netlink/genetlink.c', 'net/netlink/af_netlink.c', 'include/uapi/linux/smc.h', 'include/linux/smc.h', 'net/smc/smc_pnet.c']"
35dd38010e383ee37d27b39f6b50eb25b4c92dd2,"['kernel/workqueue.c', 'drivers/usb/core/hub.c', 'include/linux/workqueue.h', 'drivers/usb/core/usb.c', 'drivers/usb/core/message.c', 'drivers/media/usb/siano/smsusb.c', 'kernel/workqueue_internal.h', 'drivers/usb/core/driver.c', 'include/linux/usb.h', 'fs/kernel/workqueue.c']"
38efa4618c3379cf98642b9379d6e340b14d2702,"['fs/io_uring.c', 'include/linux/io_uring.h', 'fs/internal.h', 'kernel/task_work.c', 'kernel/exit.c', 'include/linux/task_work.h', 'fs/file_table.c', 'arch/x86/entry/common.c', 'mm/kasan/report.c', 'mm/kasan/common.c']"
39b560f8c5d46a5c107b83c6a1e8ae4051826de0,"['net/ethtool/pse-pd.c', 'net/ethtool/netlink.c', 'include/uapi/linux/ethtool_netlink.h', 'include/linux/ethtool.h', 'net/netlink/af_netlink.c', 'net/netlink/genetlink.c']"
3ac451d171eed4f6027b4c46176f6eda99e8547b,"['fs/fcntl.c', 'kernel/locking/lockdep.c', 'drivers/input/evdev.c', 'kernel/locking/spinlock.c', 'include/linux/spinlock.h', 'include/linux/rwlock_api_smp.h', 'include/linux/fcntl.h', 'net/socket.c', 'drivers/input/input.c', 'kernel/irq/handle.c']"
4894a6d412735394296e80976329c1a6848acc14,"['fs/file_table.c', 'fs/overlayfs/file.c', 'fs/open.c', 'fs/splice.c', 'fs/read_write.c', 'mm/slub.c', 'mm/kasan/report.c', 'include/linux/file.h', 'include/linux/slab.h', 'mm/slab_common.c']"
49b6f675bead6969f913a3f7dcef4d28fdd13296,"['mm/mmap.c', 'mm/internal.h', 'include/linux/mm.h', 'include/linux/mm_types.h', 'kernel/fork.c', 'mm/memory.c', 'mm/mremap.c', 'arch/x86/mm/mmap.c', 'include/linux/mman.h', 'include/linux/vm_area_struct.h']"
4a547542bb29dc957c096f0c95ef9154e93d68d3,"['fs/ext4/indirect.c', 'fs/ext4/inode.c', 'fs/ext4/extents.c', 'fs/ext4/ext4.h', 'fs/open.c', 'include/linux/ext4_fs.h', 'fs/ext4/mballoc.c', 'fs/ext4/super.c', 'fs/ext4/file.c', 'fs/ext4/namei.c']"
4ed0d6eea4561854b366170155a78652da4cef29,"['drivers/usb/usbip/vhci_hcd.c', 'drivers/usb/usbip/vhci.h', 'include/linux/usb/hcd.h', 'drivers/usb/core/hcd.c', 'include/linux/usb.h', 'lib/ubsan.c', 'include/linux/ubsan.h', 'drivers/usb/core/urb.c', 'drivers/usb/core/message.c', 'drivers/usb/core/devio.c']"
52eac4b79cfb13db9907627c1afc185252168cdc,"['sound/usb/midi.c', 'sound/usb/quirks.c', 'sound/usb/card.c', 'include/sound/usbmidi.h', 'sound/usb/midi.h']"
602383e46c337fd7a0b8346ee047fe2778b76647,"['fs/fcntl.c', 'net/core/sock.c', 'net/ipv4/tcp_input.c', 'kernel/locking/lockdep.c', 'kernel/locking/spinlock.c', 'include/linux/fcntl.h', 'include/linux/spinlock.h', 'include/net/sock.h', 'drivers/input/evdev.c', 'kernel/signal.c']"
625eef83808cdc8a4d6775801b04e985eb32fcf7,"['fs/btrfs/ordered-data.c', 'fs/btrfs/inode.c', 'fs/btrfs/file.c', 'fs/iomap/direct-io.c', 'fs/read_write.c', 'fs/splice.c', 'fs/btrfs/ordered-data.h', 'fs/btrfs/btrfs_inode.h', 'fs/btrfs/extent_io.h', 'fs/btrfs/ctree.h']"
637351e3088fc2aed419d941674f2774f4162ea2,"['drivers/tty/vt/vt.c', 'drivers/tty/vt/vt_ioctl.c', 'mm/usercopy.c', 'include/linux/uaccess.h', 'include/linux/thread_info.h', 'arch/x86/include/asm/uaccess.h', 'arch/x86/lib/usercopy.c', 'lib/usercopy.c', 'kernel/arch/x86/entry/common.c', 'fs/ioctl.c']"
67d5dc5f84651b05fc3c2cb3d163037f414a10f4,"['net/qrtr/tun.c', 'mm/page_alloc.c', 'mm/slab_common.c', 'mm/mempolicy.c', 'include/linux/gfp.h', 'include/linux/slab.h', 'fs/read_write.c', 'arch/x86/entry/common.c', 'kernel/panic.c', 'kernel/trace/trace.c']"
6922c8c31f1fdd120d1cef3f58b319b6dd1d8c00,"['drivers/misc/vmw_vmci/vmci_queue_pair.c', 'drivers/misc/vmw_vmci/vmci_host.c', 'include/linux/mm.h', 'include/linux/page-flags.h', 'drivers/misc/vmw_vmci/vmci_queue_pair.h', 'include/linux/vmw_vmci_defs.h', 'include/linux/vmw_vmci_api.h', 'mm/memory.c', 'mm/page_alloc.c', 'security/security.c']"
699e4f546c33df9781a67891d42766bbbe3ca30b,"['fs/fuse/dir.c', 'fs/fuse/dev.c', 'include/linux/fs.h', 'kernel/locking/lockdep.c', 'kernel/locking/rwsem.c', 'fs/fuse/fuse_i.h']"
6e185619b66eae1ef09684c5f6e283d6cfb5ba84,"['fs/btrfs/file.c', 'fs/btrfs/inode.c', 'fs/btrfs/extent_io.c', 'fs/btrfs/ctree.h', 'fs/btrfs/ordered-data.c', 'fs/btrfs/extent-tree.c', 'fs/btrfs/transaction.c', 'fs/btrfs/compression.c', 'fs/btrfs/space-info.c', 'fs/btrfs/disk-io.c']"
6e96f5bd56bfecdaa0bfeaf2695a25cc80bfbd9a,"['net/netfilter/ipset/ip_set_core.c', 'include/linux/netfilter/ipset/ip_set.h', 'net/netfilter/ipset/ip_set_hash_gen.h', 'net/netfilter/ipset/ip_set_hash_net.c', 'include/linux/string.h', 'lib/string.c']"
75a2a727e4636c7a34dbd49197b15c3de92a8f7f,"['mm/hugetlb.c', 'mm/memory.c', 'mm/gup.c', 'kernel/ptrace.c', 'arch/x86/kernel/ptrace.c', 'include/linux/hugetlb.h', 'include/linux/mm.h', 'fs/hugetlbfs/inode.c', 'arch/x86/mm/hugetlbpage.c', 'mm/huge_memory.c']"
789df5b54ebd19aec0b5c3900c933d1910db8ec5,"['fs/ext4/xattr.c', 'fs/ext4/inode.c', 'fs/ext4/orphan.c', 'fs/ext4/super.c', 'mm/page_alloc.c', 'mm/slab_common.c', 'include/linux/gfp.h', 'include/linux/slab.h', 'fs/ext4/ext4.h', 'fs/ext4/inline.c']"
7f34dec8b4c3be61baad2f552b05d2011d64ae87,"['drivers/media/v4l2-core/v4l2-ctrls.c', 'include/media/v4l2-ctrls.h', 'include/uapi/linux/v4l2-controls.h', 'lib/ubsan.c', 'lib/ubsan.h']"
8d31c0d56f794feb72c2d359795c74908dab34c0,"['net/ethtool/bitset.c', 'net/ethtool/linkmodes.c', 'include/uapi/linux/ethtool.h', 'include/linux/ethtool.h', 'mm/kasan/report.c', 'mm/kasan/common.c', 'mm/slab.c', 'net/netlink/genetlink.c', 'kernel/fork.c', 'mm/kasan/generic_report.c']"
8dc7a6aed7b8ead4c982ecdf2cd1ea5a4c3b57bb,"['fs/attr.c', 'fs/inode.c', 'fs/fuse/file.c', 'fs/ioctl.c', 'fs/open.c', 'include/linux/fs.h', 'include/linux/attr.h', 'fs/fuse/fuse_i.h', 'kernel/fs/attr.c', 'kernel/fs/inode.c']"
949ecf93b67ab1df8f890571d24ef9db50872c96,"['net/core/dev.c', 'drivers/net/loopback.c', 'net/core/net_namespace.c', 'include/linux/netdevice.h', 'net/core/utils.c', 'net/ipv4/devinet.c', 'net/ipv6/addrconf.c', 'kernel/exit.c', 'kernel/workqueue.c', 'kernel/softirq.c']"
ac6fc97113de554dc57614c3ffa4c6a2c2668a97,"['drivers/hid/hid-core.c', 'drivers/hid/usbhid/hid-core.c', 'include/linux/hid.h', 'lib/ubsan.c', 'drivers/hid/hid-input.c']"
b36d7e444fe532685b683ae7980f4e3a184f0ad8,"['net/ethtool/bitset.c', 'net/ethtool/linkmodes.c', 'net/netlink/genetlink.c', 'include/net/ethtool.h', 'include/uapi/linux/ethtool.h', 'net/ipv4/netfilter/ip_vs_ftp.c', 'net/netfilter/ipvs/ip_vs_core.c', 'include/net/ip_vs.h', 'include/uapi/linux/ip_vs.h', 'net/socket.c']"
b5b251b9bcc4653c39164dfee969dafb903ae25e,"['drivers/usb/gadget/udc/dummy_hcd.c', 'drivers/usb/gadget/udc/dummy_hcd.h', 'drivers/usb/core/hcd.c', 'include/linux/usb/gadget.h', 'lib/ubsan.c', 'include/linux/ubsan.h']"
b5ecc684bb9e49db213e88f69d4ce80f7e20238d,"['net/nfc/nci/core.c', 'net/nfc/netlink.c', 'net/nfc/core.c', 'include/net/nfc/nci_core.h', 'include/net/nfc/nci.h', 'drivers/nfc/virtual_ncidev.c']"
b929091c762f0a3060a9941dcacfed0c3b4a903d,"['net/can/j1939/socket.c', 'net/can/j1939/transport.c', 'include/linux/can/j1939.h', 'net/can/j1939/main.c', 'kernel/locking/lockdep.c', 'include/linux/spinlock.h']"
b96fbfdb1cf23b90ac7ee98b9c66235110e4a943,"['include/net/red.h', 'net/sched/sch_sfq.c', 'include/linux/limits.h', 'lib/ubsan.c', 'include/linux/types.h']"
bf7780df648105d40e1fdbb0566defda3605ed93,"['net/core/gro.c', 'include/linux/skbuff.h', 'net/core/dev.c', 'net/core/skbuff.c', 'net/packet/af_packet.c', 'net/sched/sch_generic.c', 'include/linux/netdevice.h']"
ca2299cf11b3e3d3d0f44ac479410a14eecbd326,"['lib/idr.c', 'net/qrtr/qrtr.c', 'include/linux/idr.h', 'kernel/panic.c', 'lib/dump_stack.c', 'arch/x86/kernel/traps.c', 'lib/bug.c', 'arch/x86/entry/entry_64.S', 'net/socket.c', 'kernel/sys.c']"
cd246a3e7f0fd69a115b910b3b2cf6fa96351278,"['fs/nilfs2/btree.c', 'fs/nilfs2/bmap.c', 'fs/nilfs2/inode.c', 'fs/nilfs2/btree.h', 'fs/nilfs2/bmap.h', 'fs/buffer.c', 'mm/filemap.c', 'fs/read_write.c', 'arch/x86/entry/common.c', 'mm/kasan/report.c']"
cdf00205127303ca523678fbb9d7eb7613632dba,"['fs/io_uring.c', 'fs/internal.h', 'kernel/task_work.c', 'kernel/entry/common.c', 'fs/file_table.c', 'include/linux/io_uring.h', 'include/linux/tracehook.h', 'include/linux/file.h', 'kernel/exit.c', 'kernel/signal.c']"
d21cb12ee03822236d82ba4e83a1f8968e7832fb,"['mm/filemap.c', 'include/linux/mm.h', 'include/linux/page_ref.h', 'include/linux/atomic/atomic-instrumented.h', 'include/linux/instrumented.h', 'mm/memory.c', 'arch/x86/mm/fault.c', 'lib/iov_iter.c', 'fs/udf/file.c', 'lib/gup.c']"
d2ad6548d6f4f8f52f8fa250310fb027f04cfd18,"['net/ieee802154/nl802154.c', 'include/net/netlink.h', 'net/netlink/genetlink.c', 'net/netlink/af_netlink.c', 'include/uapi/linux/nl802154.h', 'net/ieee802154/nl_policy.c', 'net/ieee802154/core.c', 'lib/nlattr.c', 'mm/kasan/report.c', 'mm/kasan/generic.c']"
d524c1aac21f8ea2759b6314c2e48bfa230c38b0,"['net/rds/rdma.c', 'net/rds/send.c', 'mm/page_alloc.c', 'mm/slab_common.c', 'include/linux/gfp.h', 'include/linux/slab.h', 'mm/mempolicy.c', 'net/rds/rds.h', 'net/rds/ib_rdma.c', 'net/rds/ib.h']"
d58fe2a53afa4ffbfaf3df368acb70d137e46c9f,"['fs/f2fs/f2fs.h', 'fs/f2fs/inode.c', 'fs/f2fs/super.c', 'fs/f2fs/checkpoint.c', 'fs/f2fs/recovery.c', 'fs/f2fs/segment.h', 'lib/ubsan.c', 'lib/ubsan.h']"
d92cc44e8c8ce5af6d2bea9f7a73cee791989fc8,"['fs/ext4/xattr.c', 'fs/ext4/inode.c', 'kernel/locking/lockdep.c', 'include/linux/lockdep.h', 'fs/ext4/ext4.h', 'fs/ext4/super.c', 'kernel/locking/lockdep_internals.h', 'fs/ext4/ialloc.c', 'fs/ext4/orphan.c', 'fs/ext4/namei.c']"
daa1858cc0258eb026f89eecf342f6b3fdad7b05,"['net/sched/em_cmp.c', 'net/sched/ematch.c', 'include/net/pkt_cls.h', 'net/sched/cls_api.c', 'net/sched/cls_basic.c', 'net/core/dev.c', 'net/ipv6/addrconf.c', 'kernel/workqueue.c', 'net/sched/sch_prio.c', 'net/ipv6/ip6_output.c']"
de88544daafacdbc8ec3b2d75ca9e7e0f03346e0,"['net/ipv4/tcp_input.c', 'net/ipv4/tcp_timer.c', 'net/ipv4/tcp_output.c', 'include/net/tcp.h', 'net/ipv4/tcp.c', 'net/core/sock.c', 'net/ipv4/tcp_ipv4.c', 'kernel/time/timer.c', 'net/socket.c', 'include/uapi/linux/tcp.h']"
deb061ff946b02c2f4821f91683d89a68b2f45f8,"['fs/hfsplus/inode.c', 'fs/hfsplus/catalog.c', 'fs/hfsplus/hfsplus_fs.h', 'fs/fs-writeback.c', 'kernel/fs/hfsplus/inode.c', 'kernel/fs/hfsplus/catalog.c', 'kernel/fs/fs-writeback.c', 'mm/fs-writeback.c', 'virt/fs/fs-writeback.c', 'block/fs/fs-writeback.c']"
e2907149c69cbccae0842eb502b8af4f6fac52a0,"['fs/xfs/libxfs/xfs_btree.c', 'fs/xfs/libxfs/xfs_refcount.c', 'fs/xfs/libxfs/xfs_refcount_btree.c', 'fs/xfs/xfs_reflink.c', 'fs/xfs/xfs_log_recover.c', 'fs/xfs/libxfs/xfs_btree.h', 'fs/xfs/libxfs/xfs_refcount.h', 'fs/xfs/xfs_mount.c', 'fs/xfs/xfs_super.c', 'fs/xfs/xfs_log.c']"
e58343393efd3e0657ca37cf4466fc38d1f4d4df,"['drivers/dma-buf/udmabuf.c', 'include/linux/dma-mapping.h', 'drivers/dma-buf/dma-buf.c', 'kernel/dma/mapping.c', 'include/linux/dma-buf.h']"
e6028c53b349b6a97a83fe01a2013ac52db59710,"['fs/read_write.c', 'net/9p/trans_fd.c', 'kernel/workqueue.c', 'kernel/panic.c', 'lib/dump_stack.c', 'lib/bug.c', 'arch/x86/kernel/traps.c', 'include/linux/fs.h', 'include/linux/workqueue.h', 'kernel/sched/core.c']"
e9d3ca982b76224e183481018baa693a26655ac4,"['fs/ext4/inline.c', 'fs/ext4/namei.c', 'mm/page_alloc.c', 'mm/slab_common.c', 'include/linux/gfp.h', 'include/linux/slab.h', 'fs/ext4/ext4.h', 'fs/ext4/super.c', 'fs/ext4/file.c', 'fs/ext4/inode.c']"
ee107e687b29b99d101ba328f28abfad4e58a91a,"['block/bsg.c', 'drivers/scsi/scsi_sysfs.c', 'drivers/base/core.c', 'fs/char_dev.c', 'include/linux/bsg.h', 'include/linux/device.h', 'mm/util.c', 'lib/kobject.c', 'drivers/scsi/scsi_scan.c', 'include/linux/slab.h']"
f1b41b503f18f268d11e52f80deffcd0c62e0865,"['net/mac80211/sta_info.c', 'net/mac80211/ibss.c', 'net/mac80211/iface.c', 'include/net/mac80211.h', 'net/mac80211/ieee80211_i.h', 'net/mac80211/util.c', 'net/mac80211/main.c', 'lib/dump_stack.c', 'kernel/panic.c', 'lib/bug.c']"
f1d54f488af5e3967ea8e664e514cb1c2820db45,"['fs/btrfs/extent-io-tree.c', 'fs/btrfs/extent_io.c', 'fs/btrfs/inode.c', 'fs/btrfs/file.c', 'mm/truncate.c', 'fs/btrfs/extent-io.h', 'fs/btrfs/ctree.h', 'fs/btrfs/btrfs_inode.h', 'include/linux/fs.h', 'include/trace/events/btrfs.h']"
f55849742bdcdf58f6eaae61e747ac00e5c061f4,"['mm/mprotect.c', 'include/linux/swapops.h', 'mm/userfaultfd.c', 'fs/userfaultfd.c', 'arch/x86/mm/pgtable.c', 'include/linux/mm.h', 'include/asm/pgtable.h', 'mm/memory.c', 'mm/huge_memory.c', 'arch/x86/include/asm/pgtable_types.h']"
f7c5a86e747f9b7ce333e7295875cd4ede2c7a0d,"['net/xdp/xdp_umem.c', 'net/xdp/xsk.c', 'include/linux/slab.h', 'mm/util.c', 'include/linux/kvmalloc.h', 'mm/slab_common.c', 'mm/vmalloc.c', 'include/net/xdp_sock.h', 'kernel/bpf/verifier.c', 'tools/include/linux/kvmalloc.h']"
ffb9228cab75ad9d812af93d19e9637873d18439,"['net/ipv4/ip_gre.c', 'include/linux/skbuff.h', 'net/core/dev.c', 'include/linux/netdevice.h', 'net/ipv4/ip_tunnel.c', 'net/core/filter.c', 'kernel/bpf/core.c', 'kernel/bpf/syscall.c', 'net/ipv4/gre_offload.c', 'include/net/ip_tunnels.h']"
0784eb04ffd5b9955880826669badef2ffb32285,"['fs/btrfs/ordered-data.c', 'fs/btrfs/inode.c', 'fs/btrfs/file.c', 'fs/iomap/direct-io.c', 'fs/read_write.c', 'fs/btrfs/ordered-data.h', 'fs/btrfs/btrfs_inode.h', 'fs/btrfs/extent_io.c', 'fs/btrfs/ctree.h', 'fs/btrfs/disk-io.h']"
11cb6eec3ac0b37e657e8af0612342e140379e49,"['drivers/bluetooth/hci_vhci.c', 'include/net/bluetooth/bluetooth.h', 'net/core/skbuff.c', 'include/linux/skbuff.h', 'drivers/bluetooth/hci_core.c', 'mm/slub.c', 'mm/kmemleak.c', 'mm/slab_common.c', 'kernel/drivers/bluetooth/Makefile', 'kernel/drivers/bluetooth/Kconfig']"
14f3125f37b7c76896b25c222159f6c205ff7e08,"['net/mac80211/cfg.c', 'net/mac80211/key.h', 'net/mac80211/key.c', 'net/mac80211/ieee80211_i.h', 'net/wireless/rdev-ops.h', 'include/net/mac80211.h', 'net/wireless/nl80211.c', 'include/linux/ieee80211.h', 'include/net/cfg80211.h', 'include/uapi/linux/nl80211.h']"
1fbd9fd0ef463a9811d2c5b7d206f119cf259601,"['net/smc/smc_sysctl.c', 'net/smc/af_smc.c', 'net/smc/smc_netns.h', 'include/net/smc.h', 'mm/util.c', 'include/linux/fortify-string.h', 'kernel/nsproxy.c', 'kernel/fork.c', 'net/core/net_namespace.c']"
223c64b1a2c03f0d67d64fdf69606ee2d5e26672,"['net/batman-adv/network-coding.c', 'net/batman-adv/main.c', 'kernel/time/timer.c', 'lib/debugobjects.c', 'kernel/workqueue.c', 'net/batman-adv/soft-interface.c', 'include/linux/debugobjects.h', 'include/linux/timer.h', 'net/batman-adv/types.h', 'net/batman-adv/network-coding.h']"
2e1943a94647f7732dd6fc60368642d6e8dc91b1,"['net/bluetooth/hci_core.c', 'net/bluetooth/hci_event.c', 'net/bluetooth/l2cap_core.c', 'net/bluetooth/hci_conn.c', 'include/net/bluetooth/hci_core.h', 'mm/kasan/report.c', 'mm/slab.c', 'include/net/bluetooth/hci.h', 'include/net/bluetooth/l2cap.h', 'mm/kasan/common.c']"
362b5b49fced29361c0ba3007a2b3e5cd13776b5,"['drivers/infiniband/core/cma.c', 'drivers/infiniband/core/ucma.c', 'include/rdma/rdma_cm.h', 'lib/list_debug.c', 'include/linux/list.h', 'mm/kasan/report.c', 'mm/slub.c', 'kernel/exit.c', 'fs/file_table.c', 'kernel/rcu/tree.c']"
64182208616de0ae5ebd9b1652cb213485d61fce,"['net/nfc/netlink.c', 'include/net/nfc/nfc.h', 'net/netlink/genetlink.c', 'include/linux/slab.h', 'mm/slab_common.c', 'include/net/genetlink.h', 'include/uapi/linux/nfc.h', 'net/nfc/core.c', 'mm/slab.c', 'mm/slub.c']"
64bdf1f25f8db3d754e7b56c4d0f63a17edd8839,"['net/can/j1939/transport.c', 'net/can/j1939/main.c', 'net/can/af_can.c', 'include/linux/can/j1939.h', 'net/core/dev.c', 'kernel/softirq.c', 'kernel/smpboot.c', 'kernel/kthread.c', 'arch/x86/entry/entry_64.S', 'include/net/sock.h']"
6bb7224cd01f8742533b486573005f65d512fdf6,"['net/sctp/stream_sched_prio.c', 'net/sctp/stream.c', 'include/net/sctp/stream_sched.h', 'include/linux/slab.h', 'net/sctp/socket.c']"
6c4345574ac937d9ccc195fdadb44f7cc95a19f9,"['net/netfilter/nf_tables_api.c', 'include/net/netfilter/nf_tables.h', 'net/netfilter/nft_chain_filter.c', 'include/linux/slab.h', 'mm/slab.c', 'mm/slub.c', 'mm/kmemleak.c', 'net/netfilter/nf_tables_core.c', 'net/netfilter/nfnetlink.c', 'net/netfilter/nft_chain.c']"
76c0afb6e24e6dc4093c36801d0b3a61b486ec4d,"['fs/nilfs2/segment.c', 'fs/nilfs2/sufile.c', 'fs/nilfs2/sufile.h', 'fs/nilfs2/segment.h', 'fs/nilfs2/the_nilfs.h', 'fs/nilfs2/nilfs.h', 'fs/nilfs2/alloc.c', 'fs/nilfs2/btree.c']"
7c512c7b421b211e4408a4bc7ac759e3a3eb0d44,"['net/qrtr/qrtr.c', 'include/net/qrtr.h', 'net/core/sock.c', 'include/net/sock.h', 'mm/slab_common.c', 'mm/slub.c', 'mm/kmemleak.c']"
7d3c28ba3d4bf4b26e89ed1f1ca146e0223a2d36,"['security/keys/keyctl.c', 'security/keys/watch_queue.c', 'security/keys/internal.h', 'security/keys/key.c', 'include/linux/keyctl.h', 'include/uapi/linux/keyctl.h', 'mm/slab.c', 'mm/slab_common.c', 'mm/kmemleak.c', 'kernel/watch_queue.c']"
802aba2422de4218ad0c01b46c9525cc9d4e4aa3,"['net/netfilter/nf_tables_api.c', 'net/core/net_namespace.c', 'include/linux/netfilter/nf_tables.h', 'net/netfilter/nf_tables_core.c', 'net/netfilter/nfnetlink.c', 'kernel/workqueue.c', 'include/net/netfilter/nf_tables.h', 'net/netfilter/core.c', 'net/netfilter/nf_tables_offload.c', 'net/netfilter/nf_internals.h']"
95277dbea9484baea60662d0243a93011a21ceb5,"['net/bridge/netfilter/ebtables.c', 'include/linux/netfilter_bridge/ebtables.h', 'net/core/net_namespace.c', 'kernel/workqueue.c', 'mm/kasan/report.c', 'lib/dump_stack.c', 'include/net/netfilter/core.c', 'net/bridge/netfilter/ebtable_filter.c', 'net/bridge/netfilter/ebtable_nat.c', 'net/bridge/netfilter/ebtable_broute.c']"
a1a049fcf154a2c466232111c09a030ac656a833,"['drivers/net/wireguard/send.c', 'drivers/net/wireguard/send.h', 'drivers/net/wireguard/device.c', 'drivers/net/wireguard/main.c', 'drivers/net/wireguard/peer.c', 'drivers/net/wireguard/noise.c', 'include/linux/skbuff.h', 'net/core/skbuff.c', 'crypto/algapi.c', 'crypto/skcipher.c']"
ab98490c0e3b48a71b7c203ee51366c99ceeda84,"['net/netfilter/nf_tables_api.c', 'include/net/netfilter/nf_tables.h', 'net/netfilter/nf_tables_core.c', 'include/linux/netfilter/nf_tables.h', 'net/netfilter/nft_flowtable.c']"
bf3e592d3ed61b8f86b8ffba072adcde5485a5f6,"['mm/slab.c', 'include/linux/sched/mm.h', 'kernel/locking/lockdep.c', 'mm/page_alloc.c', 'fs/notify/fanotify/fanotify.c', 'kernel/softirq.c', 'block/blk-mq.c', 'fs/iomap/direct-io.c', 'io_uring/rw.c', 'drivers/scsi/scsi_lib.c']"
cd95cb722bfa1234ac4c78345c8953ee2e7170d0,"['fs/ext4/extents.c', 'fs/ext4/inode.c', 'include/linux/ext4_fs.h', 'include/linux/ext4_fs_ext.h', 'fs/ext4/ext4.h', 'fs/ext4/extents_status.c', 'fs/ext4/mballoc.c', 'mm/kasan/report.c', 'mm/kasan/generic.c', 'mm/page_alloc.c']"
cfec079d55325bc20e929c60cc2dca149448f9b1,"['kernel/watch_queue.c', 'fs/pipe.c', 'include/linux/slab.h', 'include/linux/watch_queue.h', 'fs/ioctl.c', 'arch/x86/entry/common.c', 'include/linux/pipe_fs_i.h']"
